,ref_chain,ref_pos,ref_resi,model_chain,model_pos,model_resi,distance
0,G,11,LYS,A,13,LYS,1.9658185243606567
1,G,12,SER,A,14,SER,0.3196822702884674
2,G,13,SER,A,15,SER,0.21974600851535797
3,G,14,CYS,A,16,CYS,0.22511151432991028
4,G,15,LYS,A,17,LYS,0.46446484327316284
5,G,16,ARG,A,18,ARG,0.4671867787837982
6,G,17,HIS,A,19,HIS,0.40654996037483215
7,G,18,PRO,A,20,PRO,0.3440615236759186
8,G,19,LEU,A,21,LEU,0.3810477554798126
9,G,20,TYR,A,22,TYR,0.43236052989959717
10,G,21,VAL,A,23,VAL,0.383218914270401
11,G,22,ASP,A,24,ASP,0.13886061310768127
12,G,23,PHE,A,25,PHE,0.4974904954433441
13,G,24,SER,A,26,SER,0.289484441280365
14,G,25,ASP,A,27,ASP,0.795181393623352
15,G,26,VAL,A,28,VAL,1.0176438093185425
16,G,27,GLY,A,29,GLY,0.9898558855056763
17,G,28,TRP,A,30,TRP,0.9659786820411682
18,G,29,ASN,A,31,ASN,0.7180798649787903
19,G,30,ASP,A,32,ASP,0.7897115349769592
20,G,31,TRP,A,33,TRP,1.922178030014038
21,G,32,ILE,A,34,ILE,1.8613409996032715
22,G,33,VAL,A,35,VAL,2.1098263263702393
23,G,34,ALA,A,36,ALA,1.3003544807434082
24,G,35,PRO,A,37,PRO,0.8912869691848755
25,G,36,PRO,A,38,PRO,0.5554348826408386
26,G,37,GLY,A,39,GLY,0.40654292702674866
27,G,38,TYR,A,40,TYR,0.22829674184322357
28,G,39,HIS,A,41,HIS,0.37960880994796753
29,G,40,ALA,A,42,ALA,0.3495377004146576
30,G,41,PHE,A,43,PHE,0.48145386576652527
31,G,42,TYR,A,44,TYR,0.31594493985176086
32,G,43,CYS,A,45,CYS,0.3440236747264862
33,G,44,HIS,A,46,HIS,0.43878689408302307
34,G,45,GLY,A,47,GLY,0.2543383836746216
35,G,46,GLU,A,48,GLU,0.2008470594882965
36,G,47,CYS,A,49,CYS,0.18136712908744812
37,G,48,PRO,A,50,PRO,0.25379878282546997
38,G,49,PHE,A,51,PHE,0.3531220853328705
39,G,50,PRO,A,52,PRO,0.49662837386131287
40,G,51,LEU,A,53,LEU,0.23795858025550842
41,G,52,ALA,A,54,ALA,1.009328842163086
42,G,53,ASP,A,55,ASP,0.5574154853820801
43,G,54,HIS,A,56,HIS,0.8760712742805481
44,G,55,LEU,A,57,LEU,1.1785308122634888
45,G,56,ASN,A,58,ASN,1.6187139749526978
46,G,57,SER,A,59,SER,0.563510000705719
47,G,58,THR,A,60,THR,0.3790142834186554
48,G,59,ASN,A,61,ASN,0.4433380663394928
49,G,60,HIS,A,62,HIS,0.37082552909851074
50,G,61,ALA,A,63,ALA,0.21976929903030396
51,G,62,ILE,A,64,ILE,0.3602033853530884
52,G,63,VAL,A,65,VAL,0.5847729444503784
53,G,64,GLN,A,66,GLN,0.3473644554615021
54,G,65,THR,A,67,THR,0.4440796375274658
55,G,66,LEU,A,68,LEU,0.5437538027763367
56,G,67,VAL,A,69,VAL,0.4188406467437744
57,G,68,ASN,A,70,ASN,0.1980607956647873
58,G,69,SER,A,71,SER,0.5575740933418274
59,G,70,VAL,A,72,VAL,0.6326776146888733
60,G,71,ASN,A,73,ASN,0.30467498302459717
61,G,72,SER,A,74,SER,0.42972561717033386
62,G,73,LYS,A,75,LYS,0.25272923707962036
63,G,74,ILE,A,76,ILE,0.09343445301055908
64,G,75,PRO,A,77,PRO,0.16591833531856537
65,G,76,LYS,A,78,LYS,0.09395895898342133
66,G,77,ALA,A,79,ALA,0.0996638834476471
67,G,78,CYS,A,80,CYS,0.21507370471954346
68,G,79,CYS,A,81,CYS,0.12146513164043427
69,G,80,VAL,A,82,VAL,0.16555392742156982
70,G,81,PRO,A,83,PRO,0.3084016442298889
71,G,82,THR,A,84,THR,0.14878949522972107
72,G,83,GLU,A,85,GLU,0.4134708642959595
73,G,84,LEU,A,86,LEU,0.40295013785362244
74,G,85,SER,A,87,SER,0.3893817365169525
75,G,86,ALA,A,88,ALA,0.3871998190879822
76,G,87,ILE,A,89,ILE,0.40222132205963135
77,G,88,SER,A,90,SER,0.38280758261680603
78,G,89,MET,A,91,MET,0.7064278721809387
79,G,90,LEU,A,92,LEU,1.5013103485107422
80,G,91,TYR,A,93,TYR,2.3158981800079346
81,G,92,LEU,A,94,LEU,3.106536865234375
82,G,93,ASP,A,95,ASP,4.419375419616699
83,G,94,GLU,A,96,GLU,5.601779937744141
84,G,95,ASN,A,97,ASN,6.185488700866699
85,G,96,GLU,A,98,GLU,4.767352104187012
86,G,97,LYS,A,99,LYS,4.900638580322266
87,G,98,VAL,A,100,VAL,3.5114288330078125
88,G,99,VAL,A,101,VAL,2.5059995651245117
89,G,100,LEU,A,102,LEU,1.4641402959823608
90,G,101,LYS,A,103,LYS,1.1146783828735352
91,G,102,ASN,A,104,ASN,0.5490490794181824
92,G,103,TYR,A,105,TYR,0.2326144129037857
93,G,104,GLN,A,106,GLN,0.3744220733642578
94,G,105,ASP,A,107,ASP,0.3810967803001404
95,G,106,MET,A,108,MET,0.3254048824310303
96,G,107,VAL,A,109,VAL,0.41538897156715393
97,G,108,VAL,A,110,VAL,0.4808266758918762
98,G,109,GLU,A,111,GLU,0.5853337049484253
99,G,110,GLY,A,112,GLY,0.35942819714546204
100,G,111,CYS,A,113,CYS,0.1268383413553238
101,G,112,GLY,A,114,GLY,0.10729274153709412
102,G,113,CYS,A,115,CYS,0.25517427921295166
103,G,114,ARG,A,116,ARG,0.256630539894104
104,H,12,SER,B,14,SER,1.0126112699508667
105,H,13,SER,B,15,SER,0.7815664410591125
106,H,14,CYS,B,16,CYS,0.1868615597486496
107,H,15,LYS,B,17,LYS,0.2184482216835022
108,H,16,ARG,B,18,ARG,0.23423011600971222
109,H,17,HIS,B,19,HIS,0.2522340416908264
110,H,18,PRO,B,20,PRO,0.40729206800460815
111,H,19,LEU,B,21,LEU,0.4587136209011078
112,H,20,TYR,B,22,TYR,0.351351797580719
113,H,21,VAL,B,23,VAL,0.33072492480278015
114,H,22,ASP,B,24,ASP,0.3046574592590332
115,H,23,PHE,B,25,PHE,0.2992204427719116
116,H,24,SER,B,26,SER,0.30190959572792053
117,H,25,ASP,B,27,ASP,0.5859090089797974
118,H,26,VAL,B,28,VAL,0.525397002696991
119,H,27,GLY,B,29,GLY,0.4242643713951111
120,H,28,TRP,B,30,TRP,0.20411476492881775
121,H,29,ASN,B,31,ASN,0.6270151138305664
122,H,30,ASP,B,32,ASP,0.5978960394859314
123,H,31,TRP,B,33,TRP,0.8234053254127502
124,H,32,ILE,B,34,ILE,0.7330199480056763
125,H,33,VAL,B,35,VAL,0.5377199649810791
126,H,34,ALA,B,36,ALA,0.10735660046339035
127,H,35,PRO,B,37,PRO,0.13969899713993073
128,H,36,PRO,B,38,PRO,0.4557206630706787
129,H,37,GLY,B,39,GLY,0.31677761673927307
130,H,38,TYR,B,40,TYR,0.14504918456077576
131,H,39,HIS,B,41,HIS,0.25203800201416016
132,H,40,ALA,B,42,ALA,0.20011906325817108
133,H,41,PHE,B,43,PHE,0.6208886504173279
134,H,42,TYR,B,44,TYR,0.1853259652853012
135,H,43,CYS,B,45,CYS,0.1444472372531891
136,H,44,HIS,B,46,HIS,0.2472047507762909
137,H,45,GLY,B,47,GLY,0.6140761375427246
138,H,46,GLU,B,48,GLU,0.6360239386558533
139,H,47,CYS,B,49,CYS,0.35191044211387634
140,H,48,PRO,B,50,PRO,0.9540321826934814
141,H,49,PHE,B,51,PHE,1.033012866973877
142,H,50,PRO,B,52,PRO,1.206154227256775
143,H,51,LEU,B,53,LEU,1.316184639930725
144,H,52,ALA,B,54,ALA,1.7686948776245117
145,H,53,ASP,B,55,ASP,1.5227469205856323
146,H,54,HIS,B,56,HIS,0.3220382034778595
147,H,55,LEU,B,57,LEU,0.752954363822937
148,H,56,ASN,B,58,ASN,1.3766107559204102
149,H,57,SER,B,59,SER,0.6529852151870728
150,H,58,THR,B,60,THR,0.17989861965179443
151,H,59,ASN,B,61,ASN,0.19756649434566498
152,H,60,HIS,B,62,HIS,0.20832319557666779
153,H,61,ALA,B,63,ALA,0.24198831617832184
154,H,62,ILE,B,64,ILE,0.2736046612262726
155,H,63,VAL,B,65,VAL,0.3839340806007385
156,H,64,GLN,B,66,GLN,0.22158589959144592
157,H,65,THR,B,67,THR,0.2208343744277954
158,H,66,LEU,B,68,LEU,0.3657703399658203
159,H,67,VAL,B,69,VAL,0.32875919342041016
160,H,68,ASN,B,70,ASN,0.4098462760448456
161,H,69,SER,B,71,SER,0.41987234354019165
162,H,70,VAL,B,72,VAL,0.5400694012641907
163,H,71,ASN,B,73,ASN,0.4382052719593048
164,H,72,SER,B,74,SER,0.4624442756175995
165,H,73,LYS,B,75,LYS,0.43607738614082336
166,H,74,ILE,B,76,ILE,0.24311456084251404
167,H,75,PRO,B,77,PRO,0.18868529796600342
168,H,76,LYS,B,78,LYS,0.35035011172294617
169,H,77,ALA,B,79,ALA,0.3081449568271637
170,H,78,CYS,B,80,CYS,0.3047482967376709
171,H,79,CYS,B,81,CYS,0.3573674261569977
172,H,80,VAL,B,82,VAL,0.32315924763679504
173,H,81,PRO,B,83,PRO,0.26045042276382446
174,H,82,THR,B,84,THR,0.40378338098526
175,H,83,GLU,B,85,GLU,0.38695207238197327
176,H,84,LEU,B,86,LEU,0.39552080631256104
177,H,85,SER,B,87,SER,0.5688470602035522
178,H,86,ALA,B,88,ALA,0.4684593677520752
179,H,87,ILE,B,89,ILE,0.5162497758865356
180,H,88,SER,B,90,SER,0.36306217312812805
181,H,89,MET,B,91,MET,0.7833746671676636
182,H,90,LEU,B,92,LEU,0.20811118185520172
183,H,91,TYR,B,93,TYR,0.9197716116905212
184,H,92,LEU,B,94,LEU,1.5228444337844849
185,H,93,ASP,B,95,ASP,1.5056097507476807
186,H,94,GLU,B,96,GLU,1.2985622882843018
187,H,95,ASN,B,97,ASN,1.3653252124786377
188,H,96,GLU,B,98,GLU,1.4827659130096436
189,H,97,LYS,B,99,LYS,1.395941972732544
190,H,98,VAL,B,100,VAL,1.037734031677246
191,H,99,VAL,B,101,VAL,0.2991771996021271
192,H,100,LEU,B,102,LEU,0.3948530852794647
193,H,101,LYS,B,103,LYS,0.5568727254867554
194,H,102,ASN,B,104,ASN,0.5399651527404785
195,H,103,TYR,B,105,TYR,0.665594756603241
196,H,104,GLN,B,106,GLN,0.5202112793922424
197,H,105,ASP,B,107,ASP,0.39803171157836914
198,H,106,MET,B,108,MET,0.3550899922847748
199,H,107,VAL,B,109,VAL,0.6306471228599548
200,H,108,VAL,B,110,VAL,0.562040388584137
201,H,109,GLU,B,111,GLU,0.7661604881286621
202,H,110,GLY,B,112,GLY,0.5509666800498962
203,H,111,CYS,B,113,CYS,0.37562915682792664
204,H,112,GLY,B,114,GLY,0.4556097686290741
205,H,113,CYS,B,115,CYS,0.3674151599407196
206,H,114,ARG,B,116,ARG,0.2967962324619293
